"character","mbti","avg_mbti"
"Harry Potter","intj","2618.77131222693"
"Harry Potter","istp","2956.03278497341"
"Harry Potter","istj","2995.27118514243"
"Harry Potter","infj","3035.1733688929"
"Harry Potter","entj","3042.62147044989"
"Harry Potter","enfj","3051.75425713357"
"Harry Potter","entp","3062.9723522333"
"Harry Potter","esfj","3093.83961245398"
"Harry Potter","esfp","3109.90925383879"
"Harry Potter","estj","3136.54696237949"
"Harry Potter","intp","3151.22032563193"
"Harry Potter","infp","3153.35850351845"
"Harry Potter","isfp","3161.2726371714"
"Harry Potter","enfp","3170.40008441958"
"Harry Potter","isfj","3171.08526366688"
"Harry Potter","estp","3228.81009029118"
